<?xml version="1.0" encoding="utf-8"?>
<game xmlns:xsi="http://www.w3.org/2001/XMLSchema-instance" xmlns:xsd="http://www.w3.org/2001/XMLSchema">
  <variables>
    <variable name="ANI_WALLJUMP" value="20" />
    <variable name="ANI_WJ_OFF" value="32" />
    <variable name="9YyTZwFEdGY" value="0" />
    <variable name="O3UvnrDpGvc" value="0" />
    <variable name="DE9GyfMWN0A" value="0" />
  </variables>
  <sounds>
    <soundfx path="Global/MightyUnspin.wav"> </soundfx>
    <soundfx path="Global/PimPom.wav"> </soundfx>
    <soundfx path="Global/MightyDeflect.wav"> </soundfx>
    <soundfx path="Global/MightyWalljumpLatch.wav"> </soundfx>
    <soundfx path="Global/MightyWalljumpJump.wav"> </soundfx>
  </sounds>
</game>